subdivision,bsMean,loudMean,mechMean,orgMean,tempMean,acousMean,bouncMean,danceMean,dynMean,enerMean,flatMean,instMean,liveMean,speechMean,valMean
Morning,-0.006116446629,0.08954679817,-0.001793967169,0.001057556546,-0.1723152245,-0.0002845389241,-0.00753563618,-0.004981920829,-0.102847067,0.005159752572,-0.0007199053714,-0.002796376634,7.57E-05,-0.005497441357,0.006401246164
Afternoon,0.0001335425908,0.1206290989,0.002611494208,-0.003133027908,0.08261206565,-0.004331764761,-0.0003361171795,0.0008999641724,-0.008502551016,0.004442132969,0.0002174293576,-0.003685206711,-0.0006653799167,-0.002225287417,0.004902805962
Evening,0.006829206932,0.01030257309,0.003629779625,-0.00290925137,0.2352591146,-0.001545053761,0.008092123605,0.00640165519,0.1069338054,-0.002718356279,0.001274512654,-0.002030615786,-0.001078923728,0.003016278704,-0.0009890812647
Night,0.001347147564,-0.3009597125,-0.004496596308,0.0063826063,-0.137576326,0.009847408133,0.002608584266,-0.0006246675581,0.0425559546,-0.01271473184,0.000103287813,0.01018714711,0.000745802492,0.006274608592,-0.01555390503
Early Morning/Late Night,-0.001682001315,-0.2696997033,-0.006546446373,0.006024211725,-0.1790752831,0.005823137362,-0.0008777101191,-0.003703634723,0.0003637240517,-0.005400039902,-0.00195485128,0.01095280848,0.003656474611,0.006944983994,-0.01035344438